{"cameraMode":{"drawMode":0,"name":"Shaded","section":"Shading Mode"},"sceneLighting":true,"audioPlay":false,"sceneViewState":{"showFog":true,"showMaterialUpdate":false,"showSkybox":true,"showFlares":true,"showImageEffects":true,"showParticleSystems":true},"in2DMode":false,"pivot":{"x":0.19929829239845277,"y":-0.023397862911224366,"z":1.9757938385009766},"rotation":{"x":-0.05578432232141495,"y":0.0002194274857174605,"z":0.00006566100637428463,"w":-0.9985154867172241},"size":11.968863487243653,"orthographic":false}